bug_id,product,invovled_tools,invovled_tools_num
1586,clang,clang|libraries,2
1991,clang,clang|libraries,2
2049,clang,clang|libraries,2
2063,clang,clang|libraries,2
2249,clang,clang|libraries,2
2308,libraries,clang|libraries,2
2699,clang,clang|libraries,2
2701,clang,clang|libraries,2
2838,clang,clang|libraries,2
3448,clang,clang|libraries,2
3538,clang,clang|libraries,2
3622,clang,clang|libraries,2
3722,clang,clang|libraries,2
3780,clang,clang|libraries,2
4020,libraries,clang|libraries,2
4155,clang,clang|libraries,2
4245,clang,clang|libraries,2
4348,libraries,clang|libraries,2
4433,libraries,clang|libraries,2
4629,libraries,clang|libraries,2
4786,clang,clang|libraries,2
5030,clang,clang|libraries,2
5034,clang,clang|compiler-rt,2
5105,clang,clang|libraries,2
5125,libraries,clang|libraries,2
5194,libraries,clang|libraries,2
5308,clang,clang|libraries,2
5324,clang,clang|compiler-rt,2
5326,clang,clang|compiler-rt,2
5454,clang,clang|libraries,2
5579,clang,clang|libraries,2
5589,clang,clang|libraries,2
5618,libraries,clang|libraries,2
5638,clang,clang|libraries,2
5645,libraries,clang|libraries,2
5801,clang,clang|libraries,2
5832,clang,clang|libraries,2
5956,clang,clang|libraries,2
6068,libraries,clang|compiler-rt|libraries,3
6212,libraries,clang|libraries,2
6308,clang,clang|libraries,2
6310,clang,clang|libraries,2
6587,clang,clang|libraries,2
6623,libraries,clang|libraries,2
6677,clang,clang|libraries,2
6681,clang,clang|libraries,2
6777,compiler-rt,compiler-rt|libraries,2
6805,clang,clang|libraries,2
7043,clang,clang|libraries,2
7118,clang,clang|libraries,2
7253,clang,clang|libraries,2
7355,clang,clang|libraries,2
7495,clang,clang|libraries,2
7514,libraries,clang|libraries,2
7705,clang,clang|libraries,2
7713,libraries,clang|compiler-rt|libraries,3
7727,clang,clang|libraries,2
7728,clang,clang|libraries,2
7729,clang,clang|libraries,2
7730,clang,clang|libraries,2
7731,clang,clang|libraries,2
7732,clang,clang|libraries,2
7733,clang,clang|libraries,2
7734,clang,clang|libraries,2
7845,libraries,clang|libraries,2
7941,clang,clang|libraries,2
7950,clang,clang|libraries,2
8094,libraries,clang|libraries,2
8100,clang,clang|libraries,2
8106,libraries,clang|libraries,2
8121,clang,clang|libc++,2
8197,clang,clang|libraries,2
8221,clang,clang|libraries,2
8237,libraries,clang|libraries,2
8413,clang,clang|lldb,2
8520,libraries,clang|libraries,2
8559,libraries,clang|libraries,2
8563,libraries,clang|libraries,2
8628,libraries,clang|libraries,2
8655,compiler-rt,clang|compiler-rt,2
8676,clang,clang|compiler-rt,2
8704,clang,clang|libraries,2
8707,clang,clang|libraries,2
8719,libraries,clang|libraries,2
8762,libraries,clang|libraries,2
8938,clang,clang|libc++,2
8980,libraries,clang|libraries,2
9073,clang,clang|libc++,2
9105,clang,clang|libc++,2
9152,clang,clang|libraries,2
9153,libc++,libc++|libraries,2
9205,libc++,clang|libc++,2
9262,clang,clang|libraries,2
9306,libraries,clang|libraries,2
9334,libraries,clang|libraries,2
9364,clang,clang|libraries,2
9404,clang,clang|libraries,2
9451,clang,clang|libraries,2
9467,clang,clang|libraries,2
9570,clang,clang|libraries,2
9610,libraries,clang|libraries,2
9750,clang,clang|libraries,2
9753,clang,clang|libraries,2
9763,libc++,clang|libc++|libraries,3
9767,clang,clang|libraries,2
9768,clang,clang|libc++,2
9827,clang,clang|libraries,2
9844,clang,clang|libraries,2
9885,clang,clang|libc++,2
9887,clang,clang|libraries,2
9892,libraries,clang|libraries,2
9917,clang,clang|libc++,2
9923,clang,clang|libc++,2
9925,clang,clang|libc++,2
9941,clang,clang|libc++,2
9942,clang,clang|libc++,2
9975,clang,clang|libc++,2
9983,clang,clang|libc++,2
10067,libraries,clang|libraries,2
10087,clang,clang|libc++,2
10127,clang,clang|libc++,2
10148,clang,clang|libraries,2
10191,libc++,clang|libc++,2
10203,libraries,clang|libraries,2
10217,clang,clang|libc++,2
10232,clang,clang|libraries,2
10245,libc++,clang|libc++,2
10247,polly,libraries|polly,2
10251,libraries,clang|libraries,2
10313,clang,clang|libraries,2
10325,clang,clang|libc++,2
10343,clang,clang|libraries,2
10349,clang,clang|libc++,2
10400,polly,clang|polly,2
10402,clang,clang|libc++,2
10403,clang,clang|libc++,2
10480,clang,clang|libraries,2
10505,clang,clang|libraries,2
10601,libraries,libc++|libraries,2
10619,clang,clang|libraries,2
10630,clang,clang|libc++,2
10635,clang,clang|libraries,2
10646,libraries,clang|libc++|libraries,3
10649,libraries,clang|libc++|libraries,3
10725,clang,clang|lldb,2
10746,libraries,clang|libraries,2
10800,clang,clang|libc++,2
10823,clang,clang|libc++,2
10824,clang,clang|libc++,2
10847,clang,clang|libc++,2
10856,clang,clang|libc++,2
10865,clang,clang|libraries,2
10927,clang,clang|libc++,2
10964,clang,clang|libraries,2
10989,libraries,libc++|libraries,2
10990,clang,clang|libraries,2
11110,clang,clang|libc++,2
11117,clang,clang|libc++,2
11120,clang,clang|libraries,2
11126,clang,clang|libraries,2
11131,clang,clang|libc++,2
11143,libraries,clang|libraries,2
11169,libraries,clang|libraries,2
11191,clang,clang|libraries,2
11208,clang,clang|lldb,2
11263,clang,clang|libc++,2
11294,clang,clang|libraries,2
11297,clang,clang|libc++,2
11346,clang,clang|libraries,2
11366,clang,clang|libraries,2
11373,clang,clang|libc++,2
11404,clang,clang|libc++,2
11436,clang,clang|compiler-rt,2
11473,polly,clang|libc++|polly,3
11484,clang,clang|libc++,2
11502,clang,clang|libraries,2
11584,clang,clang|compiler-rt,2
11613,clang,clang|libraries,2
11639,compiler-rt,clang|compiler-rt,2
11786,libraries,libc++|libraries,2
11788,clang,clang|libc++,2
11802,clang,clang|libraries,2
11827,clang,clang|libraries,2
11832,clang,clang|libc++,2
11846,compiler-rt,compiler-rt|libraries,2
11873,clang,clang|libraries,2
11878,libc++,clang|libc++,2
11879,clang,clang|libc++,2
11893,clang,clang|libc++,2
11933,libraries,clang|libraries,2
11939,clang,clang|libc++,2
11971,libraries,compiler-rt|libraries,2
11979,clang,clang|libc++,2
11980,clang,clang|libc++,2
11984,clang,clang|libc++,2
12007,libc++,clang|libc++,2
12028,clang,clang|libc++,2
12032,clang,clang|libc++,2
12034,clang,clang|libc++,2
12037,clang,clang|libc++,2
12038,clang,clang|libc++,2
12185,libc++,clang|libc++,2
12196,clang,clang|libraries,2
12250,libraries,libc++|libraries,2
12266,clang,clang|compiler-rt|libraries,3
12277,polly,libraries|polly,2
12278,polly,clang|polly,2
12298,clang,clang|libc++,2
12303,clang,clang|libc++,2
12314,libraries,libc++|libraries,2
12316,compiler-rt,clang|compiler-rt|libraries,3
12326,clang,clang|libc++,2
12346,clang,clang|libc++,2
12436,clang,clang|libc++,2
12495,libraries,libc++|libraries,2
12561,libraries,libc++|libraries,2
12582,clang,clang|libraries,2
12586,clang,clang|libc++,2
12598,clang,clang|compiler-rt|libraries,3
12614,clang,clang|libc++,2
12751,clang,clang|libraries,2
12757,libraries,clang|libraries,2
12834,clang,clang|libc++,2
12860,clang,clang|compiler-rt,2
12927,clang,clang|libraries,2
12950,clang,clang|compiler-rt,2
12984,clang,clang|libc++,2
12987,clang,clang|libraries,2
13000,clang,clang|libraries,2
13106,clang,clang|compiler-rt,2
13120,clang,clang|libc++,2
13154,clang,clang|lldb,2
13168,clang,clang|libraries,2
13187,clang,clang|libraries,2
13195,clang,clang|libraries,2
13200,clang,clang|libraries,2
13213,clang,clang|compiler-rt,2
13224,clang,clang|compiler-rt,2
13229,clang,clang|libraries,2
13230,clang,clang|libraries,2
13258,clang,clang|libraries,2
13272,clang,clang|libc++,2
13316,compiler-rt,clang|compiler-rt,2
13339,libraries,clang|libraries,2
13366,clang,clang|libc++,2
13376,clang,clang|libc++,2
13380,clang,clang|libraries,2
13394,clang,clang|libc++,2
13401,clang,clang|libc++,2
13409,clang,clang|libraries,2
13429,clang,clang|libc++,2
13440,clang,clang|libraries,2
13463,clang,clang|libc++,2
13478,clang,clang|compiler-rt,2
13479,clang,clang|libraries,2
13480,clang,clang|libc++,2
13550,polly,libraries|polly,2
13571,clang,clang|libraries,2
13577,clang,clang|compiler-rt|libraries,3
13582,clang,clang|libraries,2
13662,clang,clang|libc++,2
13685,clang,clang|libc++,2
13688,clang,clang|libc++,2
13697,clang,clang|libraries,2
13730,clang,clang|libc++,2
13746,clang,clang|lldb,2
13798,clang,clang|libc++,2
13806,clang,clang|libraries,2
13849,clang,clang|libc++,2
13860,clang,clang|libc++,2
13911,libraries,clang|libraries,2
13912,libraries,clang|libraries,2
13997,clang,clang|libc++|libraries|lldb,4
14009,clang,clang|libraries,2
14013,clang,clang|compiler-rt,2
14019,clang,clang|libraries,2
14025,libraries,clang|libraries,2
14029,clang,clang|libraries,2
14098,libraries,compiler-rt|libraries,2
14102,clang,clang|compiler-rt,2
14109,compiler-rt,clang|compiler-rt,2
14113,clang,clang|libraries,2
14135,polly,libraries|polly,2
14139,polly,clang|libraries|polly,3
14154,clang,clang|libc++,2
14158,libraries,clang|libraries,2
14194,clang,clang|libraries,2
14203,clang,clang|libc++,2
14205,clang,clang|libraries,2
14246,clang,clang|libraries,2
14247,clang,clang|compiler-rt,2
14251,compiler-rt,compiler-rt|libraries,2
14268,libraries,libc++|libraries,2
14272,clang,clang|libc++,2
14274,clang,clang|libc++,2
14301,compiler-rt,compiler-rt|libraries,2
14341,compiler-rt,clang|compiler-rt,2
14342,clang,clang|libc++,2
14374,clang,clang|libc++,2
14386,clang,clang|libraries,2
14420,clang,clang|libc++,2
14433,clang,clang|libc++,2
14436,clang,clang|libraries,2
14439,libraries,clang|libraries,2
14452,libc++,clang|libc++,2
14458,clang,clang|libraries,2
14463,clang,clang|libraries,2
14489,clang,clang|libc++,2
14504,clang,clang|libraries,2
14527,clang,clang|compiler-rt|libraries,3
14542,clang,clang|libc++,2
14545,clang,clang|compiler-rt,2
14550,clang,clang|libc++,2
14551,libraries,clang|libraries,2
14604,compiler-rt,compiler-rt|libraries,2
14639,clang,clang|libraries,2
14640,libraries,clang|libraries,2
14647,libraries,clang|libraries,2
14654,libraries,libraries|lldb,2
14678,libraries,clang|libraries,2
14706,clang,clang|libc++,2
14712,clang,clang|libraries,2
14716,clang,clang|libraries,2
14791,clang,clang|polly,2
14814,clang,clang|polly,2
14821,clang,clang|libraries,2
14830,clang,clang|libraries,2
14898,clang,clang|libc++|libraries,3
14906,compiler-rt,clang|compiler-rt,2
14930,clang,clang|libc++,2
14932,clang,clang|libc++,2
15015,clang,clang|libraries,2
15044,compiler-rt,clang|compiler-rt|libraries,3
15061,clang,clang|libraries,2
15066,clang,clang|libraries,2
15092,clang,clang|libc++,2
15120,clang,clang|libc++,2
15128,clang,clang|libc++|libraries,3
15138,libraries,clang|libraries,2
15144,clang,clang|libc++,2
15182,clang,clang|libc++,2
15192,clang,clang|libc++,2
15233,clang,clang|libraries,2
15310,libraries,clang|libraries,2
15316,compiler-rt,clang|compiler-rt,2
15319,clang,clang|libc++,2
15333,clang,clang|libraries,2
15341,clang,clang|libraries,2
15365,clang,clang|libc++,2
15367,clang,clang|libraries,2
15375,clang,clang|libc++,2
15400,clang,clang|libraries,2
15403,clang,clang|libc++,2
15407,lldb,libraries|lldb,2
15470,libraries,clang|libraries,2
15478,clang,clang|libraries,2
15519,clang,clang|libc++,2
15533,clang,clang|compiler-rt,2
15539,clang,clang|libc++,2
15587,libraries,clang|compiler-rt|libraries,3
15597,clang,clang|libc++,2
15682,libraries,clang|libraries,2
15704,clang,clang|libc++,2
15716,libc++,clang|libc++,2
15734,clang,clang|libc++,2
15747,clang,clang|libraries,2
15776,clang,clang|compiler-rt,2
15817,polly,compiler-rt|polly,2
15879,lldb,libc++|lldb,2
15885,clang,clang|libc++,2
15888,clang,clang|libraries,2
15890,clang,clang|libraries,2
15897,clang,clang|compiler-rt,2
15902,libraries,clang|libraries,2
15922,clang,clang|libc++,2
15951,clang,clang|libraries,2
15987,clang,clang|libc++,2
16019,clang,clang|libraries,2
16035,clang,clang|libraries,2
16073,libraries,clang|libraries,2
16076,clang,clang|compiler-rt,2
16132,libraries,compiler-rt|libraries,2
16157,clang,clang|polly,2
16191,lldb,clang|lldb,2
16214,clang,clang|lldb,2
16227,clang,clang|libraries,2
16232,libraries,clang|libraries,2
16260,clang,clang|libc++,2
16272,compiler-rt,compiler-rt|libc++,2
16315,clang,clang|libraries,2
16339,clang,clang|libraries,2
16358,clang,clang|libraries,2
16364,clang,clang|libraries,2
16378,clang,clang|compiler-rt,2
16384,clang,clang|libc++,2
16387,libraries,clang|libraries,2
16412,clang,clang|libc++,2
16499,clang,clang|libc++,2
16534,clang,clang|libraries,2
16544,clang,clang|libraries,2
16585,libraries,clang|libraries,2
16596,clang,clang|libc++,2
16604,clang,clang|libraries,2
16607,clang,clang|libraries|polly,3
16608,clang,clang|libraries,2
16622,libraries,clang|libraries,2
16632,clang,clang|libc++,2
16654,clang,clang|libc++,2
16662,clang,clang|libc++,2
16732,libraries,compiler-rt|libraries,2
16761,clang,clang|libraries,2
16768,compiler-rt,clang|compiler-rt,2
16777,libraries,clang|libraries,2
16825,clang,clang|libc++,2
16834,libraries,clang|libraries,2
16840,polly,libraries|polly,2
16843,polly,libraries|polly,2
16865,clang,clang|libc++,2
16920,clang,clang|compiler-rt,2
16927,clang,clang|libraries,2
16950,libraries,clang|libraries,2
16959,libraries,clang|libraries,2
16965,clang,clang|libc++,2
17008,clang,clang|libc++,2
17010,clang,clang|compiler-rt,2
17026,clang,clang|libraries,2
17032,clang,clang|libc++,2
17046,clang,clang|libc++,2
17048,clang,clang|libraries,2
17050,clang,clang|libraries,2
17060,compiler-rt,compiler-rt|libraries,2
17069,compiler-rt,compiler-rt|libraries,2
17089,clang,clang|libraries,2
17107,clang,clang|libc++,2
17123,clang,clang|libc++,2
17135,libraries,libraries|lldb,2
17151,clang,clang|libc++,2
17159,polly,libraries|polly,2
17212,clang,clang|libc++,2
17231,lldb,clang|lldb,2
17263,clang,clang|compiler-rt,2
17282,clang,clang|libraries,2
17308,libraries,clang|libraries,2
17330,clang,clang|libraries,2
17347,libraries,clang|libraries,2
17425,clang,clang|libc++,2
17492,clang,clang|libc++,2
17504,libraries,clang|libraries,2
17542,clang,clang|compiler-rt,2
17555,clang,clang|compiler-rt,2
17572,clang,clang|libraries,2
17583,clang,clang|libraries,2
17605,libraries,clang|libraries,2
17610,clang,clang|libc++,2
17633,clang,clang|libc++,2
17661,clang,clang|libc++,2
17730,clang,clang|libraries,2
17759,clang,clang|libraries,2
17813,clang,clang|libc++,2
17821,clang,clang|libc++,2
17827,libraries,clang|libraries,2
17837,clang,clang|libraries,2
17866,clang,clang|libc++,2
17869,clang,clang|libc++,2
17873,libraries,clang|libraries,2
17877,clang,clang|libc++,2
17889,clang,clang|libraries,2
17910,lldb,clang|libc++|lldb,3
17920,clang,clang|libc++,2
17936,libraries,clang|libraries,2
17943,libraries,clang|libraries,2
17962,clang,clang|compiler-rt,2
17977,compiler-rt,compiler-rt|libc++,2
17983,clang,clang|libc++,2
17999,clang,clang|libraries,2
18001,clang,clang|libraries,2
18031,clang,clang|libc++,2
18042,libraries,clang|libraries,2
18045,libraries,clang|libraries,2
18055,clang,clang|libraries,2
18071,libraries,clang|libraries,2
18096,libraries,clang|libraries,2
18099,clang,clang|libraries,2
18177,clang,clang|libc++,2
18180,clang,clang|libc++,2
18181,clang,clang|libc++,2
18182,clang,clang|libc++,2
18183,clang,clang|libc++,2
18191,lldb,libc++|lldb,2
18199,libraries,clang|libraries,2
18214,lldb,libraries|lldb,2
18220,libraries,clang|libraries,2
18237,libraries,compiler-rt|libraries,2
18279,compiler-rt,clang|compiler-rt|libraries,3
18308,libraries,compiler-rt|libraries,2
18311,lldb,clang|lldb,2
18351,clang,clang|libc++,2
18364,libraries,clang|libraries,2
18376,polly,libraries|polly,2
18377,polly,libraries|polly,2
18413,clang,clang|polly,2
18454,lldb,clang|lldb,2
18470,compiler-rt,compiler-rt|libc++,2
18496,compiler-rt,clang|compiler-rt,2
18567,clang,clang|libraries,2
18569,clang,clang|libc++|libraries,3
18603,libraries,clang|libraries,2
18615,libraries,clang|libraries,2
18628,clang,clang|libc++,2
18635,clang,clang|libraries,2
18659,libraries,compiler-rt|libraries,2
18666,compiler-rt,clang|compiler-rt,2
18688,libraries,clang|libraries,2
18692,clang,clang|libraries,2
18722,clang,clang|libc++,2
18743,clang,clang|libraries,2
18778,clang,clang|libraries,2
18837,clang,clang|libc++,2
18864,clang,clang|libraries,2
18900,clang,clang|libraries,2
18904,polly,libc++|polly,2
18909,clang,clang|libraries,2
18933,clang,clang|libc++,2
18950,clang,clang|lldb,2
18959,libraries,libraries|polly,2
18963,clang,clang|libraries,2
18970,polly,libraries|polly,2
19011,lldb,clang|lldb,2
19043,clang,clang|libc++,2
19058,libc++,compiler-rt|libc++,2
19097,compiler-rt,clang|compiler-rt,2
19098,libraries,clang|libraries,2
19115,libraries,clang|libraries,2
19125,clang,clang|compiler-rt,2
19135,clang,clang|lldb,2
19149,clang,clang|libc++,2
19158,clang,clang|compiler-rt|libraries|lldb,4
19190,clang,clang|libc++|libraries,3
19199,clang,clang|libraries,2
19238,clang,clang|lldb,2
19287,clang,clang|libraries,2
19300,clang,clang|compiler-rt|libraries,3
19303,clang,clang|libraries,2
19334,clang,clang|libraries,2
19351,clang,clang|libraries,2
19415,clang,clang|libc++,2
19433,clang,clang|libc++,2
19440,polly,libc++|libraries|polly,3
19499,libraries,clang|libraries|lldb,3
19503,clang,clang|compiler-rt,2
19540,polly,libraries|polly,2
19541,clang,clang|libc++,2
19608,libraries,clang|libraries,2
19624,clang,clang|libraries,2
19689,clang,clang|compiler-rt,2
19690,clang,clang|compiler-rt,2
19708,clang,clang|libc++,2
19735,clang,clang|libraries,2
19741,clang,clang|libc++,2
19774,clang,clang|libc++,2
19781,clang,clang|libc++,2
19828,clang,clang|libraries,2
19839,clang,clang|libc++,2
19866,clang,clang|libraries,2
19867,lldb,compiler-rt|lldb,2
19897,clang,clang|libc++,2
19898,clang,clang|compiler-rt,2
19908,clang,clang|compiler-rt|lldb,3
19922,clang,clang|libc++|lldb,3
19946,clang,clang|libc++,2
19989,clang,clang|libc++,2
19996,clang,clang|libraries,2
20071,libraries,clang|libraries,2
20077,clang,clang|libc++,2
20110,clang,clang|libc++,2
20112,compiler-rt,compiler-rt|lldb,2
20117,libraries,clang|libraries,2
20132,clang,clang|libraries,2
20176,clang,clang|libraries,2
20184,clang,clang|libc++,2
20212,clang,clang|libraries,2
20233,lldb,clang|lldb,2
20325,clang,clang|lldb,2
20331,libraries,compiler-rt|libc++|libraries,3
20353,clang,clang|libraries,2
20359,libraries,compiler-rt|libraries,2
20385,libraries,clang|libraries,2
20421,libraries,clang|libraries,2
20434,clang,clang|libraries,2
20455,lldb,clang|lldb,2
20458,clang,clang|libc++,2
20490,compiler-rt,compiler-rt|libraries,2
20494,libraries,clang|libraries,2
20509,libraries,clang|libraries,2
20529,libraries,clang|libraries,2
20548,lldb,libraries|lldb,2
20549,lldb,libraries|lldb,2
20550,lldb,libraries|lldb,2
20551,lldb,libraries|lldb,2
20579,clang,clang|lldb,2
20601,clang,clang|libc++,2
20605,libraries,clang|libraries,2
20619,clang,clang|libc++|libraries,3
20624,clang,clang|libraries,2
20628,clang,clang|libc++,2
20629,clang,clang|compiler-rt,2
20644,libraries,libraries|lldb,2
20668,compiler-rt,compiler-rt|libc++,2
20690,clang,clang|lldb,2
20693,clang,clang|libraries,2
20707,clang,clang|libc++,2
20752,libraries,clang|libraries,2
20817,clang,clang|libraries,2
20826,clang,clang|libc++,2
20840,clang,clang|compiler-rt,2
20849,libraries,clang|libraries,2
20871,libraries,clang|libraries,2
20874,clang,clang|libc++,2
20887,clang,clang|libc++,2
20912,clang,clang|libraries,2
20913,compiler-rt,clang|compiler-rt|libraries,3
20931,compiler-rt,clang|compiler-rt,2
20939,clang,clang|libc++,2
20941,clang,clang|libc++,2
20959,compiler-rt,clang|compiler-rt,2
21002,clang,clang|libc++,2
21003,clang,clang|libc++,2
21013,clang,clang|libraries,2
21019,libraries,clang|libraries,2
21050,clang,clang|libraries,2
21056,libraries,clang|libraries,2
21136,lldb,clang|lldb,2
21147,clang,clang|libraries,2
21171,clang,clang|libraries,2
21181,clang,clang|libraries,2
21210,clang,clang|libraries,2
21211,lldb,libc++|lldb,2
21234,libraries,clang|libraries,2
21250,clang,clang|libraries,2
21308,libraries,clang|libraries,2
21312,clang,clang|libc++,2
21320,clang,clang|libc++,2
21326,clang,clang|libc++,2
21333,clang,clang|libc++,2
21344,clang,clang|libc++,2
21380,libraries,libc++|libraries,2
21384,compiler-rt,compiler-rt|libraries,2
21414,libraries,clang|libraries,2
21421,clang,clang|libc++,2
21434,clang,clang|libc++,2
21488,clang,clang|libc++,2
21502,clang,clang|libraries,2
21510,libraries,clang|libraries,2
21512,libraries,clang|libraries,2
21517,clang,clang|libc++,2
21549,libraries,libraries|lldb,2
21558,clang,clang|libraries,2
21573,libraries,clang|libraries,2
21579,compiler-rt,compiler-rt|libc++,2
21605,clang,clang|libc++,2
21618,clang,clang|libc++,2
21621,compiler-rt,compiler-rt|libc++,2
21635,clang,clang|libraries,2
21652,libraries,compiler-rt|libraries,2
21673,clang,clang|libraries,2
21776,libraries,libraries|lldb,2
21781,clang,clang|libc++,2
21798,clang,clang|lldb,2
21800,clang,clang|lldb,2
21802,lldb,libc++|lldb,2
21889,clang,clang|libc++,2
21938,clang,clang|libraries,2
22027,clang,clang|compiler-rt,2
22030,clang,clang|libraries,2
22035,clang,clang|libc++,2
22040,clang,clang|libc++,2
22050,libraries,clang|libraries,2
22071,clang,clang|libraries,2
22083,libraries,clang|libraries,2
22085,clang,clang|libc++,2
22087,libraries,clang|libraries,2
22174,libraries,clang|libraries,2
22201,clang,clang|libc++,2
22232,libraries,libraries|lldb,2
22248,libraries,clang|libraries,2
22280,libraries,compiler-rt|libraries,2
22291,clang,clang|lldb,2
22296,clang,clang|libc++,2
22317,clang,clang|libc++,2
22326,clang,clang|libc++,2
22337,libraries,clang|libraries,2
22349,libraries,clang|libraries,2
22375,libraries,clang|libraries,2
22380,clang,clang|libraries,2
22401,clang,clang|libraries,2
22408,libraries,clang|libraries,2
22430,clang,clang|libraries,2
22438,clang,clang|libraries,2
22488,libraries,clang|libraries,2
22503,libraries,clang|libraries,2
22543,lldb,libraries|lldb,2
22545,compiler-rt,compiler-rt|libraries,2
22559,libraries,libc++|libraries,2
22560,clang,clang|libraries,2
22574,compiler-rt,clang|compiler-rt|libraries,3
22575,clang,clang|libraries,2
22598,libraries,libraries|lldb,2
22625,clang,clang|libc++,2
22628,libraries,clang|libraries,2
22631,libraries,libc++|libraries,2
22632,clang,clang|libc++,2
22642,libraries,clang|libraries,2
22690,compiler-rt,compiler-rt|libc++|lldb,3
22693,libraries,clang|libraries,2
22695,libraries,clang|libraries,2
22754,clang,clang|libraries,2
22783,clang,clang|libc++,2
22817,lldb,compiler-rt|lldb,2
22836,libc++,compiler-rt|libc++,2
22855,clang,clang|libc++,2
22862,polly,libraries|polly,2
22876,clang,clang|compiler-rt,2
22877,clang,clang|compiler-rt,2
22912,clang,clang|libraries,2
22920,clang,clang|compiler-rt,2
22932,clang,clang|libc++,2
22939,clang,clang|libraries,2
22990,clang,clang|libc++,2
23001,clang,clang|libraries,2
23002,compiler-rt,clang|compiler-rt,2
23012,lldb,clang|lldb,2
23013,clang,clang|libraries,2
23047,clang,clang|libc++,2
23056,clang,clang|compiler-rt,2
23075,lldb,libc++|lldb,2
23082,clang,clang|libraries,2
23089,clang,clang|libc++,2
23145,compiler-rt,compiler-rt|libraries,2
23183,clang,clang|libraries,2
23216,clang,clang|libraries,2
23221,lldb,clang|lldb,2
23262,clang,clang|libc++,2
23265,libraries,clang|libraries,2
23270,clang,clang|libc++,2
23292,libc++,libc++|libraries,2
23293,libc++,compiler-rt|libc++,2
23307,libc++,clang|libc++,2
23334,clang,clang|compiler-rt,2
23348,clang,clang|libc++,2
23353,libraries,clang|libraries,2
23386,clang,clang|libc++,2
23413,clang,clang|libc++,2
23437,libraries,libc++|libraries,2
23439,libc++,clang|libc++|libraries,3
23460,libraries,clang|libraries,2
23483,clang,clang|libraries,2
23491,libraries,clang|libraries,2
23492,clang,clang|compiler-rt|polly,3
23495,libraries,clang|libraries,2
23499,libraries,compiler-rt|libraries,2
23539,compiler-rt,compiler-rt|libc++,2
23573,clang,clang|libc++,2
23599,libraries,clang|libraries,2
23616,compiler-rt,compiler-rt|libc++,2
23619,clang,clang|libraries,2
23620,clang,clang|libraries,2
23622,lldb,clang|lldb,2
23644,lldb,libc++|lldb,2
23661,clang,clang|libc++,2
23662,libraries,clang|libraries,2
23670,libc++,libc++|libraries,2
23671,libc++,libc++|libraries,2
23678,clang,clang|libc++,2
23682,libraries,compiler-rt|libraries,2
23691,clang,clang|libc++,2
23698,clang,clang|compiler-rt,2
23704,lldb,clang|libraries|lldb,3
23706,clang,clang|compiler-rt,2
23707,clang,clang|libc++,2
23753,libraries,clang|libraries,2
23774,lldb,libc++|lldb,2
23784,lldb,libraries|lldb,2
23807,polly,libraries|polly,2
23823,clang,clang|libraries,2
23870,libraries,clang|libraries,2
23900,libraries,clang|libraries,2
23935,clang,clang|libc++,2
23953,clang,clang|libraries,2
23964,clang,clang|compiler-rt,2
23999,libraries,clang|libraries,2
24002,lldb,libraries|lldb,2
24013,libraries,clang|libraries,2
24024,clang,clang|compiler-rt,2
24038,clang,clang|compiler-rt,2
24063,libraries,clang|libraries,2
24070,clang,clang|libc++,2
24093,compiler-rt,compiler-rt|libc++,2
24106,libraries,compiler-rt|libraries,2
24114,libc++,clang|libc++,2
24141,libraries,clang|libraries,2
24178,clang,clang|libraries,2
24184,clang,clang|libraries,2
24186,clang,clang|libc++|libraries,3
24194,libraries,libc++|libraries,2
24204,libraries,clang|libraries,2
24218,polly,clang|polly,2
24246,clang,clang|libraries,2
24293,clang,clang|libc++,2
24301,libraries,libraries|polly,2
24302,clang,clang|lldb,2
24306,libc++,clang|libc++,2
24312,compiler-rt,compiler-rt|libc++,2
24350,libraries,clang|libraries,2
24351,polly,libraries|polly,2
24389,libraries,compiler-rt|libraries,2
24434,clang,clang|libraries,2
24460,lldb,libc++|lldb,2
24469,libraries,clang|libraries,2
24502,polly,libraries|polly,2
24515,clang,clang|libc++,2
24516,libraries,clang|libraries,2
24578,clang,clang|libraries,2
24605,libraries,clang|libraries,2
24618,libraries,clang|libraries,2
24662,libraries,compiler-rt|libraries,2
24674,clang,clang|libc++,2
24683,libraries,clang|libraries,2
24691,lldb,clang|lldb,2
24713,libraries,clang|libraries,2
24715,libraries,clang|libraries,2
24723,libraries,clang|libraries,2
24726,libraries,clang|libraries,2
24733,lldb,clang|lldb,2
24734,clang,clang|libraries,2
24750,lldb,clang|lldb,2
24776,compiler-rt,compiler-rt|libc++,2
24825,libraries,libc++|libraries,2
24839,compiler-rt,compiler-rt|libc++,2
24862,clang,clang|libc++,2
24863,clang,clang|libc++,2
24878,clang,clang|lldb,2
24908,libraries,clang|libraries,2
24926,lldb,libc++|lldb,2
24943,libraries,clang|libraries,2
24953,lldb,libraries|lldb,2
24985,compiler-rt,clang|compiler-rt,2
24999,clang,clang|polly,2
25011,clang,clang|lldb,2
25044,clang,clang|libc++,2
25185,clang,clang|compiler-rt,2
25205,lldb,libc++|lldb,2
25209,clang,clang|libraries,2
25231,libraries,libraries|polly,2
25238,polly,libraries|polly,2
25255,clang,clang|libc++,2
25267,libraries,clang|libraries,2
25274,clang,clang|libraries,2
25276,clang,clang|libraries,2
25279,clang,clang|lldb,2
25287,clang,clang|libc++,2
25291,libraries,clang|libraries,2
25339,libraries,clang|libraries,2
25353,clang,clang|libraries,2
25369,libraries,libraries|polly,2
25395,clang,clang|compiler-rt,2
25407,clang,clang|libc++,2
25421,libraries,clang|libraries,2
25430,clang,clang|libc++,2
25435,clang,clang|compiler-rt,2
25459,compiler-rt,clang|compiler-rt,2
25464,clang,clang|compiler-rt,2
25465,compiler-rt,clang|compiler-rt,2
25468,lldb,compiler-rt|lldb,2
25501,clang,clang|libc++,2
25513,clang,clang|libc++,2
25536,clang,clang|lldb,2
25541,libraries,clang|libraries,2
25560,libraries,compiler-rt|libraries,2
25566,clang,clang|libc++,2
25600,clang,clang|libc++,2
25623,libraries,clang|libraries,2
25626,lldb,clang|lldb,2
25628,libraries,clang|libraries,2
25665,libc++,clang|compiler-rt|libc++,3
25667,clang,clang|libraries,2
25679,libraries,libc++|libraries,2
25690,clang,clang|libc++,2
25691,clang,clang|libc++,2
25699,clang,clang|libc++,2
25753,compiler-rt,clang|compiler-rt|libc++,3
25818,libraries,compiler-rt|libraries,2
25820,clang,clang|lldb,2
25853,clang,clang|libc++,2
25884,clang,clang|libraries,2
25885,compiler-rt,compiler-rt|libc++,2
25895,libraries,clang|libc++|libraries,3
25925,lldb,clang|lldb,2
25930,clang,clang|libraries,2
25949,clang,clang|libc++,2
25950,compiler-rt,compiler-rt|libc++,2
25967,polly,libraries|polly,2
26011,clang,clang|libc++,2
26030,libraries,clang|libraries,2
26037,libraries,libraries|lldb,2
26044,libraries,clang|libraries,2
26049,libraries,compiler-rt|libraries,2
26065,compiler-rt,compiler-rt|libraries,2
26068,libraries,libc++|libraries,2
26095,clang,clang|libc++,2
26096,libraries,clang|libraries,2
26110,libraries,clang|libraries,2
26119,clang,clang|libc++,2
26138,libraries,libraries|polly,2
26163,libraries,clang|libraries|lldb,3
26179,clang,clang|lldb,2
26194,clang,clang|libraries,2
26216,clang,clang|libc++,2
26219,clang,clang|libraries,2
26239,libraries,libc++|libraries,2
26267,lldb,clang|lldb,2
26277,clang,clang|libc++,2
26278,compiler-rt,compiler-rt|libc++,2
26282,libraries,clang|libraries,2
26287,libraries,clang|libraries,2
26308,libraries,clang|libraries,2
26362,clang,clang|compiler-rt,2
26363,lldb,compiler-rt|libraries|lldb,3
26375,clang,clang|libraries,2
26377,polly,libraries|polly,2
26379,polly,compiler-rt|libraries|lldb|polly,4
26408,clang,clang|compiler-rt,2
26415,compiler-rt,clang|compiler-rt,2
26452,clang,clang|libraries,2
26462,clang,clang|libc++,2
26463,clang,clang|libc++|lldb,3
26487,clang,clang|libc++,2
26493,libraries,compiler-rt|libraries,2
26509,libraries,libraries|lldb,2
26511,clang,clang|libc++|lldb,3
26513,clang,clang|libraries,2
26519,libraries,clang|libraries,2
26530,clang,clang|libraries,2
26552,libraries,clang|libraries,2
26559,libraries,compiler-rt|libraries,2
26570,libraries,clang|libraries,2
26604,compiler-rt,compiler-rt|libc++,2
26610,compiler-rt,compiler-rt|libc++,2
26662,libraries,clang|libraries,2
26671,clang,clang|libc++,2
26673,clang,clang|lldb,2
26707,clang,clang|lldb,2
26715,clang,clang|libraries,2
26739,libraries,clang|libraries,2
26761,libraries,clang|libraries,2
26777,libc++,clang|libc++,2
26883,libraries,compiler-rt|libraries,2
26928,clang,clang|libc++,2
26937,lldb,clang|lldb,2
26950,clang,clang|compiler-rt,2
26971,clang,clang|libraries,2
26996,compiler-rt,clang|compiler-rt,2
27012,clang,clang|libc++,2
27048,libraries,libraries|lldb,2
27056,libraries,clang|libraries,2
27077,libraries,compiler-rt|libraries|polly,3
27133,libraries,clang|libraries,2
27163,libraries,clang|libraries,2
27180,lldb,clang|lldb,2
27206,clang,clang|libc++,2
27232,libraries,clang|libraries,2
27302,libraries,clang|libraries,2
27305,polly,libraries|polly,2
27336,lldb,clang|lldb,2
27350,libraries,clang|libraries,2
27362,lldb,libc++|lldb,2
27403,compiler-rt,compiler-rt|libc++,2
27412,libraries,libraries|lldb,2
27455,clang,clang|compiler-rt,2
27490,libraries,clang|libraries,2
27492,libraries,compiler-rt|libraries,2
27510,lldb,clang|lldb,2
27516,lldb,libc++|lldb,2
27579,libraries,libc++|libraries|lldb,3
27591,libraries,clang|libraries,2
27593,libraries,clang|libraries,2
27639,lldb,libc++|lldb,2
27668,clang,clang|lldb,2
27672,clang,clang|libraries,2
27822,clang,clang|libc++|lldb,3
27840,clang,clang|libc++|libraries,3
27841,libraries,libc++|libraries,2
27873,clang,clang|libraries,2
27879,clang,clang|libraries,2
27900,clang,clang|libraries,2
27984,clang,clang|libraries,2
28007,clang,clang|lldb,2
28032,libraries,clang|libraries,2
28045,clang,clang|libraries,2
28062,libraries,clang|libraries,2
28072,clang,clang|libraries,2
28102,libraries,clang|libraries,2
28103,libraries,clang|libraries,2
28123,libraries,clang|libraries,2
28127,lldb,libraries|lldb,2
28132,libraries,clang|libraries,2
28254,compiler-rt,clang|compiler-rt,2
28269,libraries,clang|libraries,2
28291,clang,clang|libraries,2
28312,clang,clang|libraries,2
28313,clang,clang|libraries,2
28427,libraries,clang|libraries,2
28447,clang,clang|libc++,2
28549,lldb,clang|lldb,2
28551,libraries,libraries|lldb,2
28592,clang,clang|libc++,2
28612,clang,clang|libc++,2
28629,clang,clang|compiler-rt,2
28652,clang,clang|compiler-rt,2
28706,clang,clang|libraries,2
28712,clang,clang|compiler-rt,2
28723,clang,clang|libc++,2
28855,compiler-rt,clang|compiler-rt,2
28856,compiler-rt,clang|compiler-rt,2
28883,libraries,compiler-rt|libraries,2
28894,libraries,libc++|libraries,2
28916,compiler-rt,clang|compiler-rt,2
28947,clang,clang|compiler-rt,2
28953,lldb,clang|libraries|lldb,3
28972,clang,clang|libraries,2
28980,clang,clang|libraries,2
28988,libraries,compiler-rt|libraries,2
28993,clang,clang|libc++,2
29064,clang,clang|libc++|lldb,3
29098,clang,clang|libraries,2
29119,clang,clang|lldb,2
29122,clang,clang|libc++|libraries|lldb,4
29138,lldb,libraries|lldb,2
29161,clang,clang|libc++,2
30223,libraries,clang|libraries,2
30224,libraries,clang|libraries,2
30226,clang,clang|lldb,2
30313,clang,clang|libraries,2
30320,clang,clang|compiler-rt,2
30336,clang,clang|libc++|lldb,3
30341,clang,clang|libc++,2
30358,libraries,clang|libraries,2
30373,libraries,clang|libraries,2
30401,clang,clang|libraries,2
30430,libraries,libc++|libraries,2
30443,libraries,clang|libraries,2
30469,clang,clang|lldb,2
30471,libraries,compiler-rt|libraries,2
30501,libraries,libc++|libraries|lldb,3
30502,libraries,libc++|libraries,2
30536,clang,clang|compiler-rt|libc++,3
30542,libraries,libc++|libraries,2
30547,clang,clang|compiler-rt|libc++,3
30549,libraries,clang|libraries,2
30550,clang,clang|libc++|libraries,3
30560,clang,clang|libc++,2
30620,clang,clang|lldb,2
30647,clang,clang|libc++|lldb,3
30662,clang,clang|libraries,2
30675,clang,clang|libc++,2
30686,clang,clang|libraries,2
30736,libraries,clang|libraries,2
30778,clang,clang|libraries,2
30790,clang,clang|libraries,2
30791,clang,clang|libraries,2
30822,lldb,libraries|lldb,2
30843,compiler-rt,clang|compiler-rt,2
30865,clang,clang|libc++,2
30901,clang,clang|libraries,2
30911,libraries,libraries|polly,2
30919,clang,clang|compiler-rt|libc++,3
30926,libraries,clang|libraries,2
30930,clang,clang|libraries,2
30961,clang,clang|libc++,2
30982,lldb,libc++|lldb,2
30987,clang,clang|libc++,2
31009,clang,clang|libraries,2
31016,libc++,clang|libc++,2
31035,clang,clang|compiler-rt,2
31045,libraries,clang|libraries,2
31136,clang,clang|libc++|lldb,3
31150,clang,clang|libraries,2
31163,clang,clang|libc++,2
31200,clang,clang|lldb,2
31218,libraries,clang|libraries,2
31235,clang,clang|libc++,2
31240,clang,clang|libraries,2
31374,clang,clang|libc++,2
31376,libc++,clang|libc++,2
31394,clang,clang|libraries,2
31395,clang,clang|libraries,2
31421,clang,clang|libc++|libraries,3
31423,libraries,clang|libraries,2
31469,clang,clang|libc++|lldb,3
31489,libc++,libc++|lldb,2
31491,libraries,clang|libraries,2
31499,libraries,clang|libraries,2
31500,clang,clang|libraries,2
31501,libraries,clang|compiler-rt|libraries|polly,4
31504,clang,clang|libc++|lldb,3
31506,compiler-rt,compiler-rt|libc++,2
31538,libraries,clang|libraries,2
31541,libraries,clang|libraries,2
31547,clang,clang|compiler-rt,2
31552,clang,clang|libc++|lldb,3
31570,clang,clang|libc++,2
31574,libraries,clang|libraries,2
31590,libraries,clang|libraries,2
31620,libraries,compiler-rt|libc++|libraries,3
31658,clang,clang|libc++,2
31660,clang,clang|libc++,2
31670,clang,clang|libc++,2
31677,libraries,clang|libraries,2
31709,clang,clang|libc++,2
31726,libraries,clang|libraries,2
31782,libraries,libc++|libraries,2
31783,clang,clang|libraries,2
31800,libraries,clang|libraries,2
31820,clang,clang|libc++,2
31825,clang,clang|lldb,2
31877,compiler-rt,compiler-rt|libc++,2
31935,libraries,libc++|libraries|lldb,3
31954,clang,clang|libc++|lldb,3
32018,clang,clang|libraries,2
32019,clang,clang|libraries,2
32028,clang,clang|libraries,2
32037,libraries,clang|libraries,2
32045,libraries,clang|libraries,2
32071,clang,clang|libc++,2
32087,clang,clang|libraries,2
32116,clang,clang|libc++|libraries|lldb,4
32182,clang,clang|compiler-rt,2
32243,libraries,clang|libraries,2
32297,clang,clang|lldb,2
32301,lldb,compiler-rt|lldb|polly,3
32324,polly,libraries|polly,2
32361,compiler-rt,compiler-rt|libc++|libraries,3
32382,libraries,libraries|lldb,2
32390,compiler-rt,clang|compiler-rt,2
32404,libraries,libraries|polly,2
32420,libraries,clang|libraries,2
32447,clang,clang|libraries,2
32530,libraries,clang|libraries,2
32577,libraries,compiler-rt|libraries,2
32588,libraries,clang|libraries,2
32592,lldb,libc++|lldb,2
32639,clang,clang|libc++,2
32640,clang,clang|libc++,2
32685,clang,clang|compiler-rt,2
32699,clang,clang|libraries,2
32700,clang,clang|libraries,2
32725,clang,clang|libraries,2
32729,clang,clang|libraries,2
32735,polly,libraries|polly,2
32770,libraries,compiler-rt|libraries,2
32777,compiler-rt,clang|compiler-rt,2
32838,libraries,clang|libraries,2
32844,clang,clang|libraries,2
32845,clang,clang|libraries,2
32849,clang,clang|libraries,2
32853,clang,clang|libraries,2
32874,clang,clang|libraries,2
32937,clang,clang|libc++,2
32945,clang,clang|libraries,2
32947,clang,clang|libraries,2
32956,clang,clang|libraries|lldb,3
33014,clang,clang|libraries,2
33016,clang,clang|libc++|lldb,3
33027,compiler-rt,compiler-rt|lldb,2
33035,libraries,clang|libraries,2
33041,clang,clang|libraries,2
33086,clang,clang|libraries,2
33108,libraries,clang|libraries,2
33114,clang,clang|libraries,2
33116,clang,clang|libraries,2
33118,clang,clang|libraries,2
33119,clang,clang|libraries,2
33120,clang,clang|libraries,2
33129,clang,clang|libraries,2
33157,libraries,libraries|lldb,2
33161,clang,clang|libraries,2
33176,libraries,clang|libraries,2
33187,clang,clang|libraries,2
33194,clang,clang|libraries,2
33226,clang,clang|libc++|lldb,3
33234,clang,clang|libraries,2
33236,clang,clang|libc++,2
33271,clang,clang|libc++,2
33273,clang,clang|libc++,2
33277,libraries,libc++|libraries,2
33290,libraries,libraries|lldb,2
33305,clang,clang|libraries,2
33322,clang,clang|libraries,2
33327,libraries,libc++|libraries,2
33339,clang,clang|libraries,2
33350,clang,clang|libraries,2
33351,clang,clang|libraries,2
33353,clang,clang|libraries,2
33386,clang,clang|libraries,2
33406,clang,clang|libraries,2
33410,clang,clang|libraries,2
33411,clang,clang|libraries,2
33432,clang,clang|libraries,2
33461,clang,clang|libraries,2
33465,clang,clang|libraries,2
33507,clang,clang|libraries,2
33513,clang,clang|libc++,2
33530,clang,clang|libraries,2
33542,clang,clang|libc++,2
33587,libraries,clang|libraries,2
33601,clang,clang|libraries,2
33607,clang,clang|libc++,2
33622,libraries,libraries|lldb,2
33625,libraries,compiler-rt|libraries,2
33627,clang,clang|libc++|lldb,3
33662,compiler-rt,compiler-rt|libraries,2
33720,clang,clang|libraries,2
33723,clang,clang|libc++,2
33728,clang,clang|libc++,2
33742,clang,clang|libraries,2
33750,libraries,clang|libraries,2
33752,libraries,libc++|libraries,2
33757,libraries,clang|libraries,2
33762,clang,clang|libc++|lldb,3
33777,clang,clang|libraries,2
33778,clang,clang|libc++,2
33801,clang,clang|libc++,2
33825,libraries,clang|libraries,2
33830,libraries,clang|libraries,2
33843,clang,clang|libc++,2
33854,clang,clang|libraries,2
33869,libraries,clang|libraries,2
33875,lldb,libraries|lldb,2
33900,libraries,clang|libraries,2
33913,libraries,clang|libraries,2
33916,clang,clang|libc++,2
34006,clang,clang|libc++,2
34007,libraries,libc++|libraries,2
34020,libraries,compiler-rt|libraries,2
34044,clang,clang|libc++,2
34045,libraries,clang|libraries,2
34056,libraries,clang|libraries,2
34068,clang,clang|libc++,2
34073,libraries,clang|libc++|libraries|lldb,4
34074,libraries,clang|libc++|libraries|lldb,4
34093,clang,clang|libraries,2
34124,compiler-rt,compiler-rt|libc++,2
34137,libraries,clang|libraries,2
34140,clang,clang|lldb,2
34170,libraries,clang|libraries,2
34194,lldb,libraries|lldb,2
34239,libraries,clang|libraries,2
34261,libraries,clang|libraries,2
34289,clang,clang|libc++,2
34333,libraries,libc++|libraries,2
34342,clang,clang|libraries,2
34377,libraries,clang|libraries,2
34389,clang,clang|polly,2
34404,clang,clang|libraries,2
34416,polly,libraries|polly,2
34418,polly,libraries|polly,2
34422,polly,libraries|polly,2
34423,clang,clang|polly,2
34430,clang,clang|libraries,2
34432,polly,clang|polly,2
34435,clang,clang|polly,2
34436,clang,clang|libraries,2
34440,polly,lldb|polly,2
34441,polly,libraries|polly,2
34452,libraries,libraries|polly,2
34464,polly,clang|polly,2
34466,libraries,libraries|polly,2
34472,clang,clang|libraries,2
34479,libraries,libraries|polly,2
34480,clang,clang|libraries,2
34481,polly,libraries|polly,2
34482,libraries,libraries|polly,2
34485,polly,clang|polly,2
34498,libraries,libc++|libraries,2
34537,clang,clang|polly,2
34539,clang,clang|libc++,2
34544,libraries,clang|libraries,2
34616,compiler-rt,clang|compiler-rt|libc++,3
34618,compiler-rt,clang|compiler-rt|libc++,3
34624,clang,clang|libc++|lldb,3
34634,clang,clang|polly,2
34638,clang,clang|libc++|lldb,3
34657,libraries,clang|libraries,2
34662,clang,clang|libraries,2
34680,polly,clang|polly,2
34687,polly,clang|polly,2
34745,libraries,libraries|polly,2
34748,clang,clang|libc++,2
34749,clang,clang|libc++,2
34759,clang,clang|polly,2
34776,clang,clang|libc++,2
34783,libraries,libraries|polly,2
34785,clang,clang|polly,2
34795,clang,clang|libraries,2
34810,clang,clang|libc++,2
34862,libraries,clang|libraries,2
34897,clang,clang|libc++,2
34907,clang,clang|libc++,2
34942,clang,clang|libc++,2
34980,clang,clang|libraries,2
34989,polly,clang|polly,2
34991,clang,clang|polly,2
35020,clang,clang|polly,2
35040,lldb,clang|lldb,2
35074,libraries,libraries|polly,2
35123,clang,clang|libraries,2
35124,clang,clang|polly,2
35126,libraries,libraries|polly,2
35141,clang,clang|libc++,2
35158,libraries,clang|libraries,2
35190,clang,clang|libraries,2
35220,libraries,compiler-rt|libraries,2
35253,clang,clang|libraries,2
35270,clang,clang|libc++|lldb,3
35280,compiler-rt,compiler-rt|libc++,2
35356,clang,clang|libc++,2
35357,clang,clang|polly,2
35362,polly,clang|polly,2
35364,clang,clang|libraries|polly,3
35370,libraries,libraries|lldb,2
35371,libraries,libraries|lldb,2
35391,clang,clang|libraries,2
35394,clang,clang|libraries,2
35403,clang,clang|libraries,2
35405,clang,clang|libc++,2
35426,clang,clang|libraries,2
35431,clang,clang|libc++,2
35437,clang,clang|libraries,2
35456,clang,clang|libraries,2
35464,compiler-rt,compiler-rt|libraries,2
35484,lldb,libc++|lldb,2
35493,clang,clang|libraries,2
35495,clang,clang|libraries,2
35497,libraries,clang|libraries,2
35510,clang,clang|libraries,2
35516,clang,clang|libraries,2
35530,libraries,libraries|lldb,2
35556,clang,clang|libraries,2
35578,clang,clang|libc++,2
35586,clang,clang|polly,2
35609,clang,clang|libraries,2
35620,clang,clang|libc++|lldb,3
35637,clang,clang|libc++,2
35638,clang,clang|libraries|polly,3
35672,clang,clang|libraries,2
35682,clang,clang|libc++,2
35727,clang,clang|libraries,2
35756,clang,clang|libc++,2
35761,libraries,clang|libraries,2
35770,clang,clang|libraries,2
35795,clang,clang|lldb,2
35799,clang,clang|polly,2
35801,libraries,libraries|polly,2
35802,libraries,libraries|polly,2
35808,clang,clang|libc++|lldb,3
35813,clang,clang|libraries,2
35817,clang,clang|libc++,2
35823,clang,clang|lldb,2
35835,clang,clang|libc++,2
35840,clang,clang|polly,2
35888,clang,clang|libc++,2
35906,clang,clang|libraries,2
35912,clang,clang|libc++,2
35915,libraries,clang|libraries,2
35922,libraries,clang|libraries,2
35928,libraries,clang|libraries,2
35934,clang,clang|libc++|lldb,3
36038,libraries,compiler-rt|libraries,2
36045,clang,clang|polly,2
36053,clang,clang|compiler-rt|libc++,3
36109,lldb,libc++|lldb,2
36201,libraries,clang|libraries,2
36234,libraries,clang|libraries,2
36244,libraries,libraries|polly,2
36254,libraries,libraries|lldb,2
36269,compiler-rt,clang|compiler-rt|libc++|lldb,4
36311,libraries,libraries|polly,2
36312,clang,clang|polly,2
36357,libraries,clang|libraries,2
36378,libraries,clang|libraries,2
36389,clang,clang|polly,2
36434,libc++,clang|libc++,2
36485,clang,clang|libraries|lldb,3
36493,libraries,clang|libraries,2
36521,libraries,clang|libc++|libraries,3
36536,clang,clang|libc++,2
36552,clang,clang|libraries,2
36602,clang,clang|libraries|polly,3
36612,clang,clang|polly,2
36620,clang,clang|libraries,2
36622,libraries,clang|libraries,2
36626,clang,clang|libraries,2
36640,polly,clang|polly,2
36687,lldb,libraries|lldb,2
36691,clang,clang|libraries,2
36728,clang,clang|libc++|lldb,3
36735,clang,clang|libc++,2
36743,libraries,libc++|libraries,2
36791,libraries,libraries|lldb,2
36817,lldb,libraries|lldb,2
36872,clang,clang|libc++|lldb,3
36879,clang,clang|libraries,2
36893,libraries,clang|libraries,2
36903,clang,clang|libc++,2
36922,libraries,compiler-rt|libraries,2
36929,clang,clang|libc++,2
36945,libraries,libraries|polly,2
36947,compiler-rt,compiler-rt|libc++,2
36970,clang,clang|libraries,2
37024,clang,clang|libc++,2
37052,libraries,libraries|polly,2
37074,lldb,libraries|lldb,2
37089,clang,clang|libc++,2
37100,clang,clang|libraries,2
37106,libraries,clang|libraries,2
37179,libraries,libraries|polly,2
37234,libraries,libraries|lldb,2
37256,clang,clang|polly,2
37300,clang,clang|polly,2
37316,compiler-rt,compiler-rt|libraries,2
37345,clang,clang|polly,2
37349,compiler-rt,clang|compiler-rt,2
37352,clang,clang|libraries,2
37353,clang,clang|libraries,2
37354,clang,clang|libraries,2
37356,clang,clang|libraries,2
37359,clang,clang|libraries,2
37360,polly,clang|libraries|polly,3
37366,clang,clang|libraries,2
37395,libraries,clang|libraries|polly,3
37431,clang,clang|libraries,2
37438,clang,clang|libraries,2
37440,libraries,libraries|polly,2
37443,clang,clang|libraries,2
37446,clang,clang|polly,2
37455,clang,clang|libraries,2
37511,libraries,libc++|libraries,2
37558,clang,clang|libraries,2
37575,compiler-rt,clang|compiler-rt,2
37578,clang,clang|libraries,2
37598,libraries,clang|libraries,2
37606,libraries,clang|libraries,2
37628,clang,clang|polly,2
37632,libraries,libraries|polly,2
37657,libraries,clang|libraries,2
37758,polly,clang|polly,2
37805,clang,clang|libc++,2
37816,clang,clang|lldb,2
37820,libraries,clang|libraries,2
37893,lldb,libc++|lldb,2
37903,clang,clang|libraries,2
37910,libc++,compiler-rt|libc++,2
37947,clang,clang|lldb,2
37970,libraries,clang|libraries,2
37972,clang,clang|libraries,2
37983,libraries,clang|libraries,2
37990,clang,clang|libc++,2
38010,clang,clang|libc++,2
38024,libraries,clang|libraries,2
38025,compiler-rt,compiler-rt|libc++,2
38029,libraries,libc++|libraries,2
38033,clang,clang|libc++,2
38042,clang,clang|lldb,2
38073,polly,clang|polly,2
38171,clang,clang|libraries,2
38185,libraries,compiler-rt|libraries,2
38190,libraries,libc++|libraries|lldb,3
38192,libraries,clang|libraries,2
38217,libraries,clang|libraries,2
38228,compiler-rt,compiler-rt|libraries,2
38253,clang,clang|libc++,2
38259,clang,clang|libraries,2
38286,clang,clang|libc++|lldb,3
38313,clang,clang|libc++,2
38324,clang,clang|libraries,2
38343,libraries,clang|libraries,2
38358,polly,clang|polly,2
38378,clang,clang|libraries,2
38494,libraries,clang|libraries|polly,3
38526,clang,clang|libc++,2
38548,clang,clang|libc++,2
38573,clang,clang|libraries,2
38648,libraries,clang|libraries,2
38698,compiler-rt,clang|compiler-rt,2
38715,polly,clang|polly,2
38716,polly,clang|polly,2
38730,clang,clang|libraries,2
38740,libraries,clang|libraries,2
38753,libraries,libraries|lldb,2
38754,libraries,libraries|lldb,2
38762,libraries,libraries|lldb,2
38764,libraries,libraries|lldb,2
38766,clang,clang|libc++,2
38769,libraries,libraries|lldb,2
38777,libraries,libraries|lldb,2
38779,libraries,libraries|lldb,2
38793,clang,clang|polly,2
38795,clang,clang|polly,2
38804,clang,clang|libraries,2
38806,clang,clang|libc++,2
38807,clang,clang|libraries,2
38815,libraries,libraries|lldb,2
38852,libraries,clang|libraries,2
38886,libraries,clang|libraries,2
38894,compiler-rt,clang|compiler-rt|libc++,3
38896,clang,clang|libc++,2
38952,libraries,libraries|lldb,2
38982,clang,clang|polly,2
39003,clang,clang|libraries,2
39004,clang,clang|libraries,2
39018,libraries,libraries|lldb,2
39024,libraries,libraries|lldb,2
39053,libraries,libc++|libraries,2
39081,clang,clang|libc++,2
39168,libraries,compiler-rt|libraries,2
39195,libraries,clang|libraries,2
39210,clang,clang|compiler-rt,2
39211,clang,clang|libraries,2
39240,libraries,clang|libraries,2
39265,libc++,libc++|libraries,2
39274,clang,clang|libc++,2
39308,clang,clang|libc++,2
39359,clang,clang|compiler-rt,2
39463,clang,clang|libc++,2
39491,libraries,clang|libraries,2
39497,libraries,clang|libraries|polly,3
39500,lldb,libc++|lldb,2
39514,compiler-rt,compiler-rt|libraries,2
39539,clang,clang|libraries,2
39545,libraries,libraries|lldb,2
39547,clang,clang|libc++,2
39561,clang,clang|libc++,2
39574,libraries,clang|libraries,2
39588,clang,clang|libraries,2
39607,libraries,clang|libraries,2
39616,libraries,clang|libraries|lldb,3
39618,libraries,clang|libraries,2
39627,libraries,clang|compiler-rt|libraries,3
39651,libraries,libraries|lldb,2
39697,libc++,compiler-rt|libc++,2
39704,compiler-rt,clang|compiler-rt,2
39715,libraries,libraries|lldb,2
39716,libraries,libraries|lldb,2
39718,clang,clang|polly,2
39724,libraries,libraries|lldb,2
39731,libraries,clang|libraries,2
39735,clang,clang|libc++,2
39743,libraries,clang|libraries,2
39748,libraries,compiler-rt|libraries,2
39752,libraries,libraries|lldb,2
39756,libraries,clang|libraries,2
39794,compiler-rt,clang|compiler-rt,2
39800,libraries,clang|libraries,2
39805,compiler-rt,compiler-rt|libc++,2
39806,libraries,libc++|libraries,2
39851,clang,clang|libc++,2
39868,libraries,libraries|lldb,2
39869,libraries,libraries|lldb,2
39874,libraries,libraries|lldb,2
39897,libraries,libraries|lldb,2
39899,clang,clang|libraries,2
39904,clang,clang|libc++,2
39947,libraries,libc++|libraries,2
39967,libraries,clang|libraries,2
39986,libraries,libc++|libraries,2
39996,libraries,libraries|lldb,2
40093,clang,clang|libc++,2
40100,libraries,clang|libraries|lldb,3
40214,libraries,clang|libraries,2
40217,polly,libraries|polly,2
40218,clang,clang|compiler-rt,2
40247,clang,clang|libraries,2
40257,libraries,clang|libraries,2
40272,clang,clang|libraries,2
40286,clang,clang|lldb,2
40298,clang,clang|libraries,2
40303,libraries,clang|libraries,2
40322,libraries,clang|libraries,2
40346,libraries,clang|libraries,2
40354,libc++,libc++|lldb,2
40361,clang,clang|lldb,2
40393,clang,clang|libraries,2
40515,clang,clang|libc++,2
40530,clang,clang|compiler-rt,2
40538,libraries,clang|libraries,2
40541,clang,clang|libraries,2
40576,clang,clang|libc++,2
40613,compiler-rt,clang|compiler-rt,2
40636,clang,clang|libc++|lldb,3
40641,clang,clang|libc++,2
40656,libraries,clang|libraries,2
40671,libc++,compiler-rt|libc++|lldb|polly,4
40677,libraries,clang|libraries,2
40678,clang,clang|libraries,2
40707,clang,clang|libraries,2
40747,clang,clang|libc++,2
40779,libraries,clang|libraries,2
40795,libraries,clang|libraries|lldb,3
40827,lldb,clang|lldb,2
40829,clang,clang|libc++,2
40833,libraries,libraries|lldb,2
40834,libraries,libraries|lldb,2
40836,libraries,libraries|lldb,2
40838,libraries,libraries|lldb,2
40857,libraries,libraries|lldb,2
40871,libraries,libraries|lldb,2
40940,libraries,clang|libraries,2
40944,libraries,libraries|lldb,2
40965,libraries,libc++|libraries,2
40979,clang,clang|libc++,2
40996,libraries,clang|libraries,2
41051,clang,clang|libraries,2
41071,clang,clang|libraries,2
41081,libraries,libc++|libraries,2
41106,libraries,clang|libraries,2
41115,libraries,clang|libraries,2
41178,libraries,clang|libraries,2
41205,clang,clang|libraries,2
41208,clang,clang|libc++,2
41233,clang,clang|libraries,2
41237,lldb,clang|libc++|lldb,3
41250,clang,clang|libc++|lldb,3
41367,clang,clang|libraries,2
41431,clang,clang|lldb,2
41436,clang,clang|libraries,2
41466,lldb,clang|lldb,2
41490,clang,clang|libc++,2
41534,libraries,clang|libraries|lldb,3
41535,libraries,libraries|polly,2
41548,libraries,clang|libraries|lldb,3
41549,clang,clang|libc++,2
41575,libraries,compiler-rt|libraries,2
41587,clang,clang|libraries,2
41588,clang,clang|libraries,2
41671,compiler-rt,compiler-rt|libc++,2
41748,libraries,clang|libraries,2
41749,libraries,compiler-rt|libraries,2
41756,clang,clang|compiler-rt,2
41766,libraries,clang|libraries|lldb,3
41805,compiler-rt,compiler-rt|lldb|polly,3
41810,clang,clang|libc++,2
41863,clang,clang|libc++,2
41894,libraries,compiler-rt|libraries,2
41925,libraries,clang|libraries|lldb,3
41956,compiler-rt,clang|compiler-rt,2
41965,clang,clang|libraries|lldb,3
42148,libraries,clang|libraries,2
42170,libraries,clang|libraries|lldb,3
42200,clang,clang|libraries,2
42306,clang,clang|libc++|lldb,3
42352,clang,clang|libraries,2
42368,clang,clang|libraries,2
42438,libraries,clang|libraries,2
42452,libraries,clang|libraries,2
42493,libraries,compiler-rt|libraries,2
42549,clang,clang|libc++,2
42556,libraries,clang|libraries,2
42567,libraries,clang|libraries,2
42575,clang,clang|libraries,2
42628,clang,clang|libraries,2
42639,clang,clang|libc++,2
42654,clang,clang|libc++,2
42665,clang,clang|libc++|libraries,3
42685,clang,clang|libraries,2
42711,clang,clang|compiler-rt,2
42729,libraries,libraries|polly,2
42743,clang,clang|libc++,2
42785,libraries,clang|libraries,2
42816,clang,clang|lldb,2
42827,clang,clang|libraries,2
42843,clang,clang|compiler-rt|lldb,3
42851,clang,clang|libc++|lldb,3
42867,libraries,libc++|libraries,2
42889,clang,clang|libraries,2
42910,libraries,libraries|lldb,2
42954,libraries,clang|libraries,2
42959,clang,clang|libc++,2
42961,clang,clang|lldb,2
42976,libraries,clang|libraries,2
42988,compiler-rt,compiler-rt|libraries,2
43001,lldb,libc++|lldb,2
43009,clang,clang|libraries,2
43068,compiler-rt,compiler-rt|libraries,2
43070,libraries,libc++|libraries,2
43072,clang,clang|libraries,2
43078,clang,clang|libc++,2
43082,libraries,compiler-rt|libraries,2
43087,clang,clang|libc++,2
43099,clang,clang|libraries,2
43146,libraries,clang|libraries,2
43164,polly,clang|libraries|polly,3
43193,clang,clang|libraries|polly,3
43215,clang,clang|libraries,2
43228,libc++,libc++|lldb,2
43289,libraries,clang|libraries,2
43305,libraries,libc++|libraries,2
43328,libraries,clang|libraries,2
43354,libraries,libc++|libraries,2
43390,clang,clang|libraries,2
43404,clang,clang|libraries,2
43407,compiler-rt,compiler-rt|libc++,2
43415,libraries,compiler-rt|libraries,2
43492,clang,clang|libc++,2
43495,libraries,clang|libraries,2
43498,clang,clang|libc++|libraries|lldb,4
43502,libraries,clang|libraries,2
43580,libraries,clang|libraries,2
43622,libraries,clang|libraries,2
43629,clang,clang|libc++,2
43632,libc++,clang|libc++,2
43659,libraries,clang|libraries,2
43677,compiler-rt,compiler-rt|libc++,2
43722,compiler-rt,clang|compiler-rt|libraries,3
43752,lldb,libc++|lldb,2
